Date,Content
2022-10-14,https://boxd.it/3jW1Td
2022-10-17,https://boxd.it/Guqu5
2022-12-19,https://boxd.it/S6FXB
2023-01-05,https://boxd.it/ov67Z
2023-05-01,https://boxd.it/4bGEgN
2023-05-28,https://boxd.it/1rejM3
2023-06-07,https://boxd.it/5G81Z
2023-07-17,https://boxd.it/bhfON
2023-07-17,https://boxd.it/MfKrz
2023-07-21,https://boxd.it/4y6CM3
2023-07-21,https://boxd.it/7adVd
2023-07-22,https://boxd.it/4ykXzR
2023-10-24,https://boxd.it/iszLp
2023-10-24,https://boxd.it/2FJ9Jf
2023-12-04,https://boxd.it/3n0h83
2023-12-27,https://boxd.it/4QubU5
2024-01-23,https://boxd.it/5sjRAB
2024-01-31,https://boxd.it/5uTdPB
2024-02-16,https://boxd.it/1HIDZl
2024-02-27,https://boxd.it/5U4TC7
2024-03-07,https://boxd.it/1js5KN
2024-07-07,https://boxd.it/6Na6Nd
2024-07-12,https://boxd.it/Pq8pp
2024-09-22,https://boxd.it/Sb8Bx
2024-09-22,https://boxd.it/1Cac7X
2024-10-18,https://boxd.it/1ZMOG5
2024-10-23,https://boxd.it/BP5mr
2024-11-21,https://boxd.it/5ENYEN
2024-11-27,https://boxd.it/2g4iv5
2024-11-28,https://boxd.it/4Gxi3
2024-12-11,https://boxd.it/6bx1IL
2025-01-20,https://boxd.it/YoK47
2025-02-04,https://boxd.it/8IZgzt
2025-05-28,https://boxd.it/5cNhQf
2025-06-12,https://boxd.it/b7DoJ
2025-07-25,https://boxd.it/17d6YD
2025-08-24,https://boxd.it/7mahvf
2025-08-26,https://boxd.it/9RjFJN
2025-11-30,https://boxd.it/bMY2fn
